"","bp","rf","svm","logistic","xgboost"
"1",0.314333333333333,0.254666666666667,0.210666666666667,0.220333333333333,0.199333333333333
