"","mean of cv.error","sd of cv.error"
"depth = 3",0.2712,0.0218906372680194
"depth = 5",0.2624,0.0249158584038359
"depth = 7",0.256,0.0227596133534821
"depth = 9",0.2552,0.0243556974853934
"depth = 11",0.2516,0.00517687164221792
