"","mean of cv.error","sd of cv.error"
"depth = 3",0.27,0.0154272486205415
"depth = 5",0.2552,0.0212414688757628
"depth = 7",0.2696,0.025115732121521
"depth = 9",0.2632,0.0241080899284867
"depth = 11",0.2548,0.0210047613649858
