"","bp","rf","svm","logistic","xgboost"
"1",0.350666666666667,0.301666666666667,0.195666666666667,0.239333333333333,0.245333333333333
