"","mean of cv.error","sd of cv.error"
"depth = 3",0.666666666666667,0.0303452357600552
"depth = 5",0.666666666666667,0.00799305253885454
"depth = 7",0.666666666666667,0.02288255036291
"depth = 9",0.666666666666667,0.0153659074288215
"depth = 11",0.666666666666667,0.0124163870214595
